-- phpMyAdmin SQL Dump
-- version 5.2.0
-- https://www.phpmyadmin.net/
--
-- Хост: 127.0.0.1:3306
-- Время создания: Июн 26 2024 г., 00:36
-- Версия сервера: 10.7.5-MariaDB
-- Версия PHP: 7.2.34

SET SQL_MODE = "NO_AUTO_VALUE_ON_ZERO";
START TRANSACTION;
SET time_zone = "+00:00";


/*!40101 SET @OLD_CHARACTER_SET_CLIENT=@@CHARACTER_SET_CLIENT */;
/*!40101 SET @OLD_CHARACTER_SET_RESULTS=@@CHARACTER_SET_RESULTS */;
/*!40101 SET @OLD_COLLATION_CONNECTION=@@COLLATION_CONNECTION */;
/*!40101 SET NAMES utf8mb4 */;

--
-- База данных: `dinamic`
--

-- --------------------------------------------------------

--
-- Структура таблицы `comments`
--

CREATE TABLE `comments` (
  `id` int(11) NOT NULL,
  `status` tinyint(4) NOT NULL DEFAULT 0,
  `page` int(11) NOT NULL,
  `email` varchar(110) NOT NULL,
  `comment` text NOT NULL,
  `created_date` datetime NOT NULL DEFAULT current_timestamp()
) ENGINE=InnoDB DEFAULT CHARSET=utf8mb4;

--
-- Дамп данных таблицы `comments`
--

INSERT INTO `comments` (`id`, `status`, `page`, `email`, `comment`, `created_date`) VALUES
(30, 1, 172, 'anton229@gmail.com', 'hello world', '2024-06-22 00:38:21'),
(31, 1, 175, 'admintop@gmail.com', 'gfgfjjgjhh', '2024-06-22 10:08:10');

-- --------------------------------------------------------

--
-- Структура таблицы `post`
--

CREATE TABLE `post` (
  `id` int(11) NOT NULL,
  `id_user` int(11) NOT NULL,
  `title` varchar(255) NOT NULL,
  `img` varchar(255) NOT NULL,
  `content` text NOT NULL,
  `status` tinyint(4) NOT NULL,
  `id_topic` int(11) DEFAULT NULL,
  `created_date` datetime NOT NULL DEFAULT current_timestamp()
) ENGINE=InnoDB DEFAULT CHARSET=utf8mb4;

--
-- Дамп данных таблицы `post`
--

INSERT INTO `post` (`id`, `id_user`, `title`, `img`, `content`, `status`, `id_topic`, `created_date`) VALUES
(135, 295, 'The International 2024', '1718904304_040f3cd7b283452e7939cf075284647905cbb900.png', '<p>Минулого тижня велике ігроладне оновлення 7.36 та друга дія Коронопаду привернули всю вашу увагу, тож ми вирішили зачекати кілька днів, перш ніж публікувати інші важливі новини про світ Dota. Та почався новий тиждень, і ми раді перевести погляд від внутрішньоігрового світу гри до професійної сцени й оголосити шість прямих запрошень до цьогорічного The International!&nbsp;<br>Нижче ви побачите їх, а також довідаєтеся подробиці про кваліфікаційний шлях для тих, хто боротиметься за решту 10 місць у Копенгагені.<br>Цього року турніри Dota відбувалися по всьому світу — від Дубая до Бірмінгему, Бухаресту та інших міст. Ми радо напряму запрошуємо до The International 2024 команди, які показали найкращі результати впродовж сезону:</p><ul><li>Team Spiri</li><li>Xtreme&nbsp;</li><li>Team Falc</li><li>Team Liquid</li><li>Gaimin Gladiatorsі</li><li>BetBoom Team<br>Решта 10 місць дістануться найдостойнішим командам, які здолають регіональні кваліфікації. Розподіл за регіонами й дати проведення:</li><li>Китай і Північна Америка: 9—13 червня</li><li>Східна Європа та Південна Америка: 14—18 червня</li><li>Південно-Східна Азія й Західна Європа: 19—23 червня<br>Тим із вас, хто планує дивитися чи брати участь у цих кваліфікаціях, слід запам’ятати ще кілька важливих дат. Шлях до The International офіційно почнеться з відкритих кваліфікацій для всіх шести регіонів, що триватимуть 3—8 червня, а за ними пройдуть описані вище регіональні кваліфікації.<br>Коли осяде пил від перших битв і всі учасники турніру стануть відомі, Шлях до The International продовжиться в Копенгагені для всіх 16 команд. Дводенний груповий етап почнеться 4 вересня й одразу за ним відбудеться п’ятиденний плей-оф — він висвітлюватиметься студією та продовжиться до 10 вересня.&nbsp;<br>Власне The International відбудеться на «Роял Арені» (Royal Arena) в Копенгагені, де кращі 8 команд змагатимуться на головному етапі з п’ятниці, 13 вересня, до неділі, 15 вересня. Уболівальники, які хочуть відвідати подію, зможуть придбати квитки з понеділка, 10 червня. Не забудьте встановити собі нагадування! Побачимося в день початку кваліфікацій — 3 червня</li></ul>', 1, 24, '2024-06-20 14:02:28'),
(136, 295, 'The International 2023', '1718881672_maxresdefault.jpg', '<p>Визначилися фіналісти <strong>The International 2023</strong>. У фіналі лузерів команда <strong>Gamin Gladiators</strong> впевнено обіграли <strong>LGD</strong> і вийшли на вирішальний матч проти Team Spirit.</p><p>Можна констатувати, що цьогорічний TI став надзвичайно передбачуваним на відміну від багатьох попередніх років. У фіналі турніру зіграє команда, яка виграла всі три Мейджори 2023 року проти команди, яка виграла найбільший турнір цього року Riyadh Masters 2023.&nbsp;</p><p>Дійсно у фінал TI 2023 вийшли дві найсильніші команди року і хто б з них не виграв це не буде сенсацією і це буде гідна перемога. Вінал проходитиме на п’яти картах до трьох перемог.</p>', 1, 24, '2024-06-20 14:07:52'),
(137, 295, 'The International 11', '1718904218_orig_495196.jpg', '<p>Команда Tundra Esports виграла турнір The International 2022 з Dota 2, обігравши у гранд-фіналі команду Team Secret з рахунком 3:0. Як нагороду команда-переможець отримала $8,5 млн із загального призового фонду $18,8 млн Компанія Valve проводить свій традиційний щорічний турнір з Dota 2 — The International. У рамках чемпіонату 2022 року вже завершився груповий етап (проходив 15-18 жовтня), і завтра розпочнуться матчі плей-офф.</p>', 1, 24, '2024-06-20 14:10:41'),
(144, 295, 'The International 2021', '1718969304_600px-The_International_10.jpg', '<p>Київська міська державна адміністрація подала офіційну заявку на проведення в наступному році найбільшого кіберспортивного турніру у світі – The International 2021, <a href=\"https://www.facebook.com/v1lat/posts/10222257497328669\"><strong>повідомив </strong></a>співзасновник Maincast Віталій Волочай на своїй сторінці в Facebook</p><p>“Минулого тижня закінчився термін подачі заявок на проведення The International 2021. Київ подав офіційну заявку на проведення найбільшого турніру у світі кіберспорту! Дякуємо всім за підтримку! Сподіваємося, що результат буде хорошим. Чекатимемо відповіді”, – зазначив він.Нагадаємо, наприкінці лютого компанія Valve почала приймати заявки на організацію The International 2021 від міст з усього світу. Для проведення чемпіонату потрібно надати критий майданчик місткістю не менше 15 тисяч осіб, а також виконати низку інших умов.</p><p>У цьому році The International 2020 має відбутися у Швеції з 18 по 23 серпня. Однак через пандемію коронавірусу проведення чемпіонату залишається під питанням. Ймовірно, організатори вирішать проводити турнір без глядачів.</p>', 1, 24, '2024-06-21 14:27:34'),
(145, 295, 'Данило \"Dendi\" Ішутін: Легенда Українського Кіберспорту', '1718970441_orig_332599.jpg', '<p>Данило \"Dendi\" Ішутін є однією з найбільш відомих постатей у світі Dota 2. Його ім\'я стало синонімом успіху та майстерності, а його історія надихає тисячі молодих гравців по всьому світу.</p><p><strong>Ранні роки та початок кар\'єри</strong></p><p>Данило народився 30 грудня 1989 року в місті Львів, Україна. З дитинства захоплювався комп\'ютерними іграми, а в підлітковому віці серйозно захопився кіберспортом. Його талант та наполегливість швидко привернули увагу провідних українських команд.</p><p><strong>Професійна кар\'єра</strong></p><p>Dendi почав свою професійну кар\'єру в грі Dota, але справжня слава прийшла до нього після переходу на Dota 2. Він приєднався до команди Natus Vincere (Na\'Vi) у 2010 році, і саме з цією командою він досяг найбільших успіхів.</p><p>Під час The International 2011, першого великого турніру з Dota 2, Dendi і Na\'Vi здобули перемогу, вигравши призовий фонд у розмірі 1 мільйона доларів. Цей тріумф зробив їх легендами кіберспорту. Dendi став відомий своїми неймовірними ігровими навичками, зокрема грою на героях Pudge та Puck, завдяки чому його вважали одним з найкращих гравців у світі.</p>', 1, 30, '2024-06-21 14:32:37'),
(146, 295, 'Ігор \"Yatoro\" Ярославський: Українська Зірка Dota 2', '1718970242_orig_559016.jpg', '<p>Yatoro вперше став відомим на міжнародній сцені після приєднання до команди Team Spirit. Разом з Team Spirit він досяг значних успіхів, включаючи перемогу на The International 2021 - найпрестижнішому турнірі з Dota 2. Ця перемога принесла команді та Ігорю не тільки славу, але й значні грошові призи.</p><p><strong>Стиль гри та особисті якості</strong></p><p>Yatoro відомий своїм агресивним стилем гри та вмінням приймати швидкі та правильні рішення під тиском. Його майстерність гри на героях-керрі (carry heroes) дозволяє йому вести команду до перемоги в найскладніших матчах. Крім того, Ігор відомий своєю скромністю та командним духом, що робить його не тільки видатним гравцем, але й приємною людиною для співпраці.</p>', 1, 30, '2024-06-21 14:43:15'),
(147, 295, 'Мірослав \"Mira\" Колпаков: Нове Обличчя Українського Кіберспорту', '1718970897_b964617f-dceb-4be8-8899-9fb24a04237e.png', '<p>Mira став відомим завдяки своїй грі у команді Team Spirit, до якої він приєднався у 2020 році. Його адаптивність та багатосторонність у грі на різних ролях зробили його цінним гравцем команди.</p><p>Перемога на The International 2021</p><p>Найбільшим досягненням Mira та його команди стала перемога на The International 2021, де Team Spirit здобула перше місце та виграла величезний призовий фонд. Ця перемога була значним досягненням не лише для команди, але й для українського кіберспорту в цілому. Mira проявив себе як надійний та відданий гравець, здатний витримувати тиск та демонструвати високий рівень гри на міжнародній арені.</p>', 1, 30, '2024-06-21 14:54:02'),
(148, 295, 'Андрій \"ALWAYSWANNAFLY\" Бондаренко: Ветеран Українського Кіберспорту', '1718971928_ALWAYSWANNAFLY_WESG_2018_Ukraine_Finals.jpg', '<p><br>Андрій народився 4 березня 1991 року в Україні. Як і багато інших майбутніх професійних гравців, він почав захоплюватися відеоіграми ще в підлітковому віці. Dota стала для нього не просто захопленням, а справжньою пристрастю, що привела його до кіберспорту.</p><p>Професійна кар\'єра</p><p>Свою професійну кар\'єру ALWAYSWANNAFLY розпочав у команді DTS, де він швидко привернув увагу своїми здібностями. Його талант та стратегічне мислення допомогли йому закріпитися на професійній сцені. Згодом він грав у таких відомих командах, як Na\'Vi, Empire, Vega Squadron та багато інших.</p><p>Один з найбільших успіхів у кар\'єрі Андрія прийшов у складі команди FlyToMoon, яка пізніше була підписана організацією Vici Gaming під назвою VGJ.Thunder. З цією командою він досяг значних успіхів на міжнародній арені, включаючи участь у The International – найбільшому турнірі з Dota 2.</p>', 1, 30, '2024-06-21 15:11:36'),
(149, 295, 'MONTE ESPORTS', '1718973072_photo (1).png', '<p>Monte Esports — це молода, але вже добре відома українська команда у світі Counter-Strike: Global Offensive (CS</p><p>). Вона швидко набрала обертів завдяки своєму таланту, стратегічному підходу та високим результатам на міжнародній арені.</p><p>&nbsp;</p><p><strong>Заснування та перші кроки</strong></p><p>Команда Monte Esports була заснована у 2022 році з метою об\'єднання талановитих українських гравців під одним прапором. Вона швидко привернула увагу своїм агресивним стилем гри та здатністю приймати нестандартні рішення під час матчів.</p><p><strong>Склад команди</strong></p><p>Основний склад Monte Esports включає кілька видатних гравців, серед яких Владислав \"monte\" Монтарієв. Інші гравці команди також мають значний досвід та вміння, що робить Monte Esports потужною командою на міжнародній арені. Кожен гравець приносить свої унікальні навички та стратегії, що дозволяє команді діяти як єдиний злагоджений механізм.</p><p><strong>Стратегія та стиль гри</strong></p><p>Monte Esports відома своїм агресивним стилем гри та здатністю швидко адаптуватися до змінних умов матчу. Команда демонструє високу швидкість реакції, точність стрільби та глибоке розуміння тактичних аспектів гри. Вони часто використовують нестандартні стратегії, щоб зламати оборону противника та здобути перемогу</p>', 1, 26, '2024-06-21 15:19:09'),
(150, 295, 'Natus Vincere', '1718973153_avixec---c4x3x50px50p--0b8acacfe6c4c039beba565ee40f69ee.png', '<p>Natus Vincere, більш відома під абревіатурою Na\'Vi, є однією з найвідоміших кіберспортивних організацій у світі. Заснована в Україні, ця команда здобула безліч перемог на міжнародній арені та стала символом успіху та професіоналізму в кіберспорті.</p><p><strong>Історія створення</strong></p><p>Na\'Vi була заснована 17 грудня 2009 року в Україні. Ідея створення команди належала Олександру \"ZeroGravity\" Кохановському, який вирішив об\'єднати талановитих гравців з метою досягнення успіху на міжнародній арені. Першим великим успіхом команди стала перемога на Intel Extreme Masters в 2010 році.</p><p><strong>Ранні успіхи та легендарні перемоги</strong></p><p>Перший великий успіх Na\'Vi прийшов у 2010 році, коли команда виграла Intel Extreme Masters та Electronic Sports World Cup. Однак справжній тріумф стався на турнірі The International 2011 з Dota 2, де Na\'Vi здобули перемогу та виграли призовий фонд у розмірі 1 мільйона доларів. Ця перемога зробила команду легендою кіберспорту та встановила високі стандарти для інших команд.</p><p><strong>Командні дисципліни</strong></p><p>Na\'Vi бере участь у кількох кіберспортивних дисциплінах, включаючи Dota 2, Counter-Strike: Global Offensive (CS</p><p>), Rainbow Six Siege та інші. Команда має видатні досягнення у кожній з цих дисциплін, що робить її однією з найрізноплановіших організацій у світі кіберспорту.</p><p><strong>Зіркові гравці</strong></p><p>Протягом своєї історії Na\'Vi мала у своєму складі багатьох легендарних гравців. Серед них Данило \"Dendi\" Ішутін, Олександр \"s1mple\" Костильов, Арсеній \"ceh9\" Триноженко та багато інших. Ці гравці стали справжніми іконами кіберспорту, а їхні досягнення надихають молоде покоління.</p><p><strong>Dota 2</strong></p><p>Na\'Vi здобула славу завдяки своїм успіхам у Dota 2. Перемога на The International 2011 та численні високі місця на інших великих турнірах зробили команду однією з найуспішніших в історії гри. Данило \"Dendi\" Ішутін став символом команди та кіберспорту в цілому завдяки своїй неймовірній грі та харизмі</p>', 1, 26, '2024-06-21 15:25:54'),
(151, 295, 'Navi junior', '1718973316_6e33b8a8793bbd00deeeb46cb599b710.jpeg', '<p>NAVI Junior — це молодіжна команда Natus Vincere, яка створена для розвитку та підтримки молодих талантів у світі кіберспорту. Завдяки цій ініціативі організація NAVI демонструє свою відданість вихованню нового покоління професійних гравців та розвитку кіберспорту в цілому.</p><p><strong>Історія створення та мета</strong></p><p>NAVI Junior була заснована у 2019 році з метою знайти та розвинути талановитих молодих гравців, які зможуть у майбутньому поповнити основний склад NAVI або інших провідних команд. Ця ініціатива спрямована на те, щоб дати молодим гравцям можливість проявити себе на професійній сцені та отримати необхідний досвід для подальшого розвитку кар\'єри.</p><p><strong>Склад команди</strong></p><p>Склад NAVI Junior постійно змінюється, адже команда активно шукає та залучає нові таланти. На різних етапах у команді грали багато перспективних гравців, які демонстрували високу майстерність та бажання розвиватися. Кожен гравець у складі NAVI Junior проходить ретельний відбір та тренування, щоб досягти високого рівня гри.</p><p><strong>Стратегія та стиль гри</strong></p><p>NAVI Junior відзначається своїм агресивним та інноваційним стилем гри. Молоді гравці часто експериментують з різними стратегіями та підходами до гри, що дозволяє їм здобувати унікальний досвід та навчатися на своїх помилках. Команда активно працює над покращенням комунікації та командної взаємодії, що є ключовими аспектами успіху у кіберспорті.</p><p><strong>Тренування та розвиток</strong></p><p>Однією з основних цілей NAVI Junior є розвиток молодих гравців не лише в плані ігрових навичок, але й у плані ментальної стійкості та професійного підходу до гри. Гравці проходять тренування під керівництвом досвідчених тренерів та аналітиків, які допомагають їм вдосконалювати свої навички та готуватися до великих турнірів.</p><p><strong>Досягнення та турніри</strong></p><p>NAVI Junior активно бере участь у різних молодіжних та регіональних турнірах, де команда вже здобула чимало перемог та високих місць. Ці успіхи демонструють потенціал гравців та їхню готовність до переходу на вищий рівень змагань. Крім того, участь у таких турнірах допомагає молодим гравцям отримати необхідний досвід та впевненість у своїх силах.</p><p><strong>Вплив на кіберспорт</strong></p><p>NAVI Junior має значний вплив на розвиток кіберспорту, особливо в Україні. Команда надихає молодих гравців на досягнення нових висот та показує, що навіть у молодому віці можна досягти успіху завдяки таланту та наполегливій праці. NAVI Junior також слугує прикладом для інших організацій, які прагнуть розвивати молоді таланти у сфері кіберспорту.</p><p><strong>Майбутнє</strong></p><p>Майбутнє NAVI Junior виглядає світлим, адже організація продовжує активно працювати над розвитком молодих гравців та пошуком нових талантів. З кожним роком команда набирає обертів та демонструє все кращі результати на турнірах. У перспективі багато гравців NAVI Junior зможуть перейти до основного складу NAVI або інших провідних команд, що допоможе їм реалізувати свій потенціал на найвищому рівні.</p><p><strong>Висновок</strong></p><p>NAVI Junior — це не просто молодіжна команда, а справжня кузня талантів, яка готує майбутніх зірок кіберспорту. Завдяки цій ініціативі Natus Vincere показують свою відданість розвитку молодих гравців та підтримці кіберспорту. NAVI Junior продовжує радувати своїх фанатів видатними виступами та досягненнями, вносячи свій вклад у розвиток кіберспорту як в Україні, так і у світі.</p>', 1, 26, '2024-06-21 15:34:15'),
(152, 295, 'PSG.LGD', '1718973518_1693843504262.jpg', '<p>PSG.LGD — це одна з найвідоміших кіберспортивних організацій, яка об\'єднує дві потужні сили: французький футбольний клуб Paris Saint-Germain (PSG) та китайську кіберспортивну команду LGD Gaming. Цей альянс створив команду, яка досягла величезних успіхів у світі кіберспорту, особливо у грі Dota 2.</p><p><strong>Історія створення та альянс</strong></p><p>LGD Gaming була заснована у 2009 році в Китаї і швидко стала однією з провідних команд у світі кіберспорту. У 2018 році LGD об\'єдналася з PSG, одним з найбільших футбольних клубів Європи, щоб створити новий бренд PSG.LGD. Це партнерство принесло команді більше ресурсів і міжнародне визнання.</p><p><strong>Dota 2: Основна дисципліна</strong></p><p>PSG.LGD відома насамперед своїми досягненнями в Dota 2. З моменту заснування команда неодноразово займала призові місця на найбільших міжнародних турнірах. PSG.LGD зарекомендувала себе як одна з найсильніших команд у Dota 2, відзначаючись своєю тактичною грамотністю, високою індивідуальною майстерністю гравців та злагодженою командною грою.</p><p><strong>Досягнення та турніри</strong></p><p>Команда PSG.LGD досягла великих успіхів на міжнародній арені. Вони неодноразово займали призові місця на The International — найбільшому та найпрестижнішому турнірі з Dota 2. Серед їхніх найбільших досягнень — друге місце на The International 2018 та 2021, а також численні перемоги на інших великих турнірах.</p>', 1, 26, '2024-06-21 15:37:24'),
(153, 295, 'Команда Team Spirit виграла The International 2021', '1718974613_team-spirit-the-international-10-vainqueur.avif', '<p>Команда Team Spirit виграла The International 2021 (TI10), один з найбільш престижних турнірів з Dota 2. Це було видатне досягнення, враховуючи, що команда пройшла довгий шлях від кваліфікацій до перемоги на головному турнірі.</p><p>Кваліфікація</p><p>Team Spirit отримала квоту на TI10 через східноєвропейські кваліфікації. Це вже було досягненням, адже східноєвропейський регіон завжди був дуже конкурентним. Відзначилися гравці, які демонстрували чудову командну роботу і індивідуальні навички.</p><p>Груповий етап</p><p>У груповому етапі TI10 Team Spirit показала гарні результати, що дозволило їм перейти у верхню сітку плей-офф. Вони зустрічалися з найсильнішими командами світу і змогли довести, що є одними з найкращих.</p><p>Плей-офф</p><p>Шлях у плей-офф був нелегким. Вони почали з перемоги над Fnatic, але потім поступилися Invictus Gaming, що змусило їх перейти в нижню сітку. Там вони здолали таких суперників, як OG, Virtus.pro, і Invictus Gaming в матчі-реванші, що дозволило їм дістатися до фіналу.</p><p>Великий фінал</p><p>У великому фіналі Team Spirit зустрілася з китайською командою PSG.LGD, однією з найсильніших команд турніру. Матч був напруженим і завершився з рахунком 3-2 на користь Team Spirit. Особливою була п\'ята гра, де Team Spirit змогли переломити ситуацію на свою користь після складного початку.</p>', 1, 44, '2024-06-21 15:45:11'),
(154, 295, '2011 Navi', '1718974948_2011NAVI.webp', '<p>Перший The International (TI1) відбувся в 2011 році і був організований компанією Valve Corporation для гри Dota 2. Цей турнір визнаною великою подією в історії кіберспорту, оскільки він став першим масштабним чемпіонатом з Dota 2 та першим турніром з таким великим призовим фондом у світі кіберспорту на той час.</p><p>Організація та формат</p><p>TI1 відбувся з 17 по 21 серпня 2011 року у місті Кельвілл, штат Вашингтон, США. Valve встановила призовий фонд в розмірі 1,6 мільйона доларів США, що було досить вражаючим на той час і спричинило значний інтерес до турніру.</p><p>Учасники та кваліфікації</p><p>На TI1 брали участь 16 команд з різних країн світу. Команди отримували запрошення від Valve або проходили через регіональні кваліфікації для здобуття місця на турнірі.</p><p>Перебіг турніру</p><p>Турнір проходив у два етапи: груповий етап і плей-офф. Груповий етап служив для розподілу команд по верхній і нижній сітках плей-офф. Плей-офф включав матчі в одній вибуховій формі, де команди змагалися у серіях боїв до двох перемог.</p><p>Фінал</p><p>У фіналі зустрілися дві команди - Na\'Vi (Natus Vincere) з України та EHOME з Китаю. Matumbaman</p><p>&nbsp;</p>', 1, 44, '2024-06-21 15:52:48'),
(155, 295, 'OG vs PSG.LGD', '1718975192_maxresdefault (1).jpg', '<p>Фінал TI8 (The International 2018) між OG і PSG.LGD став епічним протистоянням в історії Dota 2, що захопило уяву фанатів по всьому світу.</p><p>Шлях до фіналу</p><p>Обидві команди, OG і PSG.LGD, проявили надзвичайно сильні виступи протягом турніру. OG, відомі своїми нестандартними стратегіями та стійкістю, перемагали важких супротивників у верхній сітці. PSG.LGD, які представляли Китай, також демонстрували вражаючі навички та стратегічну глибину.</p><p>Великий фінал</p><p>Фінал TI8 був серією з п\'яти ігор. PSG.LGD почали сильно, виграючи першу гру впевнено. Однак OG під керівництвом капітана Флая і інноваційного підходу до вибору героїв від тренера Себа здійснили зворотний рух. Вони виграли другу гру і вирівняли серію із вражаючим виступом у третій грі.</p><p>Поворотний момент</p><p>Четверта гра була критичною для обох команд. PSG.LGD здавалося, що вони ведуть, але стійкість і командна гра OG вивернули ситуацію знову на користь OG. Вони виграли важливі командні бої та змогли забезпечити перемогу, переважаючи у матчі.</p><p>Фінальна гра</p><p>У п\'ятій і останній грі обидві команди грали з інтенсивною фокусом і вирішеністю. OG продовжили свою моментум з попередніх ігор, виконуючи свої стратегії бездоганно. Вони домінували у грі з початку до кінця, врешті-решт забезпечивши перемогу у серії 3-2 на свою користь.</p><p>Значення та спадщина</p><p>Перемога OG на TI8 мала історичне значення з кількох причин. Вони стали першою командою в історії Dota 2, яка виграла The International, починаючи з відкритих кваліфікацій, що вимагало подолання численних викликів і супротивників. Їхня перемога підкреслила важливість командної роботи, адаптивності та інновацій у кіберспорті.</p><p>Ключові гравці</p><p>Основними гравцями OG на TI8 були:</p><ul><li><strong>Ana (Anathan Pham)</strong>: Носій, відомий своїми винятковими виступами та рішучими діями протягом турніру.</li><li><strong>Topson (Topias Taavitsainen)</strong>: Центральний гравець, який вразив усіх своїм різноманітним вибором героїв і агресивним стилем гри.</li><li><strong>7ckngMad (Sébastien Debs)</strong>: Тренер, який виступав як офлейнер під час турніру і вніс значний внесок у стратегії OG.</li><li><strong>JerAx (Jesse Vainikka)</strong> та <strong>N0tail (Johan Sundstein)</strong>: Саппорти, які забезпечували важливу підтримку та лідерство на протязі всього турніру.</li></ul><p>Загалом перемога OG над PSG.LGD на TI8 залишається одним із найяскравіших моментів в історії кіберспорту Dota 2, показуючи їхню стійкість, командний дух і здатність перемогти на найбільшій арені гри.</p>', 1, 44, '2024-06-21 16:05:34'),
(175, 295, 'Про що гра Dota 2? Чому Дота 2', '1719040071_132.jpg', '<p><br>Отже, чому ж Дота 2 є однією з найбільш популярних МОБА-ігор у світі та в Україні? На початку, у Dota 2 багато зроблено для того, щоб гра була досить простою для новачків. Вона дозволяє гравцям грати з різних місць та пристроїв, а наявність різних героїв дає можливість знайти свій власний стиль гри і бажаного персонажаТакож, гра має велику кількість змісту, який дає можливість гравцям постійно вдосконалювати свої навички та стратегії. Командна у грі дає можливість багатьом гравцям відчути себе частиною спільноти, де кожен може внести свій внесок у перемогу. Звичайно ж, неможливо говорити про популярність Доти 2, не згадавши про кіберспорт. Dota 2 - одна з найбільш граничних МОБА-ігор на сцені кіберспорту, де кращі геймери зі всього світу зіграють за великі грошові призи на турнірах та чемпіонатах. Кіберспорт став справжнім видом спорту, а гравці Dota 2 - суперзірками, які виконують неймовірні фізичні та розумові вправи, щоб виграти гру та захистити свій титул.<br>Про що гра Dota 2? Чому Дота 2 настільки популярна у світі та в Україні?</p><p>&nbsp;</p><p>&nbsp;</p>', 1, 44, '2024-06-22 10:07:51');

-- --------------------------------------------------------

--
-- Структура таблицы `topics`
--

CREATE TABLE `topics` (
  `id` int(11) NOT NULL,
  `name` varchar(121) NOT NULL,
  `description` text NOT NULL
) ENGINE=InnoDB DEFAULT CHARSET=utf8mb4;

--
-- Дамп данных таблицы `topics`
--

INSERT INTO `topics` (`id`, `name`, `description`) VALUES
(24, 'The international', '<p><strong>win T.Spirit</strong></p>'),
(26, 'Команди', '<p>Team</p>'),
(30, 'Player', '<p>Alohadance</p>'),
(44, 'Топ пости', 'В Карусель');

-- --------------------------------------------------------

--
-- Структура таблицы `users`
--

CREATE TABLE `users` (
  `id` int(11) NOT NULL,
  `admin` tinyint(4) NOT NULL,
  `username` varchar(10) NOT NULL,
  `email` varchar(50) NOT NULL,
  `password` varchar(255) DEFAULT NULL,
  `created` timestamp NOT NULL DEFAULT current_timestamp()
) ENGINE=InnoDB DEFAULT CHARSET=utf8mb4;

--
-- Дамп данных таблицы `users`
--

INSERT INTO `users` (`id`, `admin`, `username`, `email`, `password`, `created`) VALUES
(295, 1, 'Admitop', 'admintop@gmail.com', '$2y$10$7GyH2Se7ZxBog/Oyh.bpdedbwhJohlsUMcX/gcXRqVJ0/uc2XNpqe', '2024-03-30 10:05:18'),
(323, 0, 'Dmutro', 'dmutro@gmail.com', '$2y$10$XHmasTz/FF.kkV60dXQLpeJvEn0WZuAYAmFGfNkKFLntDndhRmx7m', '2024-06-21 10:24:03'),
(344, 0, 'Anton', 'anton@example.com', '$2y$10$HwcKOsmaKMJDqcSJ/4kLFe9FfIm6iEIIzavWNPcXQK9o6tfXaYmXe', '2024-06-21 13:40:07'),
(345, 0, 'Dmytro', 'dmytro@example.com', '$2y$10$/GWDIxB1U8CJmK1QksjSAe.VPSet3UxIek.io0nn7u/m8acpxR7H.', '2024-06-21 13:40:07'),
(346, 1, 'Olena', 'olena@example.com', 'hashed_password', '2024-06-21 13:40:07'),
(347, 0, 'Vasyl', 'vasyl@example.com', '$2y$10$oAKxS4YfefF.Ltzt..647.UjCxQZF0sOWTSQhzA/ANSQeKnZhOMj2', '2024-06-21 13:40:07'),
(348, 1, 'Iryna', 'iryna@example.com', 'hashed_password', '2024-06-21 13:40:07'),
(349, 0, 'Mykola', 'mykola@example.com', 'hashed_password', '2024-06-21 13:40:07'),
(350, 0, 'Kateryna', 'kateryna@example.com', 'hashed_password', '2024-06-21 13:40:07'),
(351, 0, 'Andrii', 'andrii@example.com', 'hashed_password', '2024-06-21 13:40:07'),
(352, 0, 'Yuliia', 'yuliia@example.com', 'hashed_password', '2024-06-21 13:40:07'),
(353, 0, 'Petro', 'petro@example.com', 'hashed_password', '2024-06-21 13:40:07'),
(354, 0, 'Nataliia', 'nataliia@example.com', 'hashed_password', '2024-06-21 13:40:07'),
(355, 0, 'Bohdan', 'bohdan@example.com', '$2y$10$S.yEViepI458Wx1fV/uc8OBRhZ0RjfggOa3L1WQb0ZZhySMbxnH1G', '2024-06-21 13:40:07'),
(356, 0, 'Maria', 'maria@example.com', 'hashed_password', '2024-06-21 13:40:07'),
(357, 0, 'Volodymyr', 'volodymyr@example.com', '$2y$10$Iayz.v/IB.3kkWDZyPHOzeWDCYGYUCU7J8qeLkrdrLsV7JjKT6qCu', '2024-06-21 13:40:07'),
(358, 0, 'Tetiana', 'tetiana@example.com', 'hashed_password', '2024-06-21 13:40:07'),
(359, 0, 'Serhii', 'serhii@example.com', 'hashed_password', '2024-06-21 13:40:07'),
(360, 0, 'Ivanna', 'ivanna@example.com', 'hashed_password', '2024-06-21 13:40:07'),
(361, 0, 'Oleksandr', 'oleksandr@example.com', '$2y$10$Pz6WZWLdHrJa/hycXSlm1.Rx.yaf3nJFE4IDUOWL4tTUbiEzmzEp6', '2024-06-21 13:40:07'),
(362, 0, 'Anna', 'anna@example.com', '$2y$10$kDtHgxcBBKiBZAo6U746Wef2.jbCyd8NWAgjD/9sB4PCgNlqgYNlq', '2024-06-21 13:40:07'),
(363, 0, 'Oleksii', 'oleksii@example.com', '$2y$10$wvtfTOo0nfBWX8yYyqXhpOdKw.Yib./pMWdn6GDfzcyVEy4BgxGti', '2024-06-21 13:40:07'),
(364, 0, 'anton', 'anton229@gmail.com', '$2y$10$73UJFP0TXyXHGx39oaAcierqOrKEq1Y8t89cAVTHK7MYOfCWj9FEK', '2024-06-21 21:37:37');

--
-- Индексы сохранённых таблиц
--

--
-- Индексы таблицы `comments`
--
ALTER TABLE `comments`
  ADD PRIMARY KEY (`id`);

--
-- Индексы таблицы `post`
--
ALTER TABLE `post`
  ADD PRIMARY KEY (`id`),
  ADD KEY `id_topic` (`id_topic`);

--
-- Индексы таблицы `topics`
--
ALTER TABLE `topics`
  ADD PRIMARY KEY (`id`),
  ADD UNIQUE KEY `name` (`name`);

--
-- Индексы таблицы `users`
--
ALTER TABLE `users`
  ADD PRIMARY KEY (`id`),
  ADD UNIQUE KEY `email` (`email`);

--
-- AUTO_INCREMENT для сохранённых таблиц
--

--
-- AUTO_INCREMENT для таблицы `comments`
--
ALTER TABLE `comments`
  MODIFY `id` int(11) NOT NULL AUTO_INCREMENT, AUTO_INCREMENT=32;

--
-- AUTO_INCREMENT для таблицы `post`
--
ALTER TABLE `post`
  MODIFY `id` int(11) NOT NULL AUTO_INCREMENT, AUTO_INCREMENT=176;

--
-- AUTO_INCREMENT для таблицы `topics`
--
ALTER TABLE `topics`
  MODIFY `id` int(11) NOT NULL AUTO_INCREMENT, AUTO_INCREMENT=47;

--
-- AUTO_INCREMENT для таблицы `users`
--
ALTER TABLE `users`
  MODIFY `id` int(11) NOT NULL AUTO_INCREMENT, AUTO_INCREMENT=365;

--
-- Ограничения внешнего ключа сохраненных таблиц
--

--
-- Ограничения внешнего ключа таблицы `post`
--
ALTER TABLE `post`
  ADD CONSTRAINT `post_ibfk_1` FOREIGN KEY (`id_topic`) REFERENCES `topics` (`id`) ON DELETE SET NULL ON UPDATE CASCADE;
COMMIT;

/*!40101 SET CHARACTER_SET_CLIENT=@OLD_CHARACTER_SET_CLIENT */;
/*!40101 SET CHARACTER_SET_RESULTS=@OLD_CHARACTER_SET_RESULTS */;
/*!40101 SET COLLATION_CONNECTION=@OLD_COLLATION_CONNECTION */;
